<?xml version="1.0" encoding="UTF-8"?>
<graphml xmlns="http://graphml.graphdrawing.org/xmlns"
         xmlns:xsi="http://www.w3.org/2001/XMLSchema-instance"
         xsi:schemaLocation="http://graphml.graphdrawing.org/xmlns
         http://graphml.graphdrawing.org/xmlns/1.0/graphml.xsd">
<!-- Created by igraph -->
  <key id="v_id" for="node" attr.name="id" attr.type="double"/>
  <key id="v_label" for="node" attr.name="label" attr.type="string"/>
  <key id="v_value" for="node" attr.name="value" attr.type="double"/>
  <graph id="G" edgedefault="undirected">
    <node id="n0">
      <data key="v_id">0</data>
      <data key="v_label">BrighamYoung</data>
      <data key="v_value">7</data>
    </node>
    <node id="n1">
      <data key="v_id">1</data>
      <data key="v_label">FloridaState</data>
      <data key="v_value">0</data>
    </node>
    <node id="n2">
      <data key="v_id">2</data>
      <data key="v_label">Iowa</data>
      <data key="v_value">2</data>
    </node>
    <node id="n3">
      <data key="v_id">3</data>
      <data key="v_label">KansasState</data>
      <data key="v_value">3</data>
    </node>
    <node id="n4">
      <data key="v_id">4</data>
      <data key="v_label">NewMexico</data>
      <data key="v_value">7</data>
    </node>
    <node id="n5">
      <data key="v_id">5</data>
      <data key="v_label">TexasTech</data>
      <data key="v_value">3</data>
    </node>
    <node id="n6">
      <data key="v_id">6</data>
      <data key="v_label">PennState</data>
      <data key="v_value">2</data>
    </node>
    <node id="n7">
      <data key="v_id">7</data>
      <data key="v_label">SouthernCalifornia</data>
      <data key="v_value">8</data>
    </node>
    <node id="n8">
      <data key="v_id">8</data>
      <data key="v_label">ArizonaState</data>
      <data key="v_value">8</data>
    </node>
    <node id="n9">
      <data key="v_id">9</data>
      <data key="v_label">SanDiegoState</data>
      <data key="v_value">7</data>
    </node>
    <node id="n10">
      <data key="v_id">10</data>
      <data key="v_label">Baylor</data>
      <data key="v_value">3</data>
    </node>
    <node id="n11">
      <data key="v_id">11</data>
      <data key="v_label">NorthTexas</data>
      <data key="v_value">10</data>
    </node>
    <node id="n12">
      <data key="v_id">12</data>
      <data key="v_label">NorthernIllinois</data>
      <data key="v_value">6</data>
    </node>
    <node id="n13">
      <data key="v_id">13</data>
      <data key="v_label">Northwestern</data>
      <data key="v_value">2</data>
    </node>
    <node id="n14">
      <data key="v_id">14</data>
      <data key="v_label">WesternMichigan</data>
      <data key="v_value">6</data>
    </node>
    <node id="n15">
      <data key="v_id">15</data>
      <data key="v_label">Wisconsin</data>
      <data key="v_value">2</data>
    </node>
    <node id="n16">
      <data key="v_id">16</data>
      <data key="v_label">Wyoming</data>
      <data key="v_value">7</data>
    </node>
    <node id="n17">
      <data key="v_id">17</data>
      <data key="v_label">Auburn</data>
      <data key="v_value">9</data>
    </node>
    <node id="n18">
      <data key="v_id">18</data>
      <data key="v_label">Akron</data>
      <data key="v_value">6</data>
    </node>
    <node id="n19">
      <data key="v_id">19</data>
      <data key="v_label">VirginiaTech</data>
      <data key="v_value">1</data>
    </node>
    <node id="n20">
      <data key="v_id">20</data>
      <data key="v_label">Alabama</data>
      <data key="v_value">9</data>
    </node>
    <node id="n21">
      <data key="v_id">21</data>
      <data key="v_label">UCLA</data>
      <data key="v_value">8</data>
    </node>
    <node id="n22">
      <data key="v_id">22</data>
      <data key="v_label">Arizona</data>
      <data key="v_value">8</data>
    </node>
    <node id="n23">
      <data key="v_id">23</data>
      <data key="v_label">Utah</data>
      <data key="v_value">7</data>
    </node>
    <node id="n24">
      <data key="v_id">24</data>
      <data key="v_label">ArkansasState</data>
      <data key="v_value">10</data>
    </node>
    <node id="n25">
      <data key="v_id">25</data>
      <data key="v_label">NorthCarolinaState</data>
      <data key="v_value">0</data>
    </node>
    <node id="n26">
      <data key="v_id">26</data>
      <data key="v_label">BallState</data>
      <data key="v_value">6</data>
    </node>
    <node id="n27">
      <data key="v_id">27</data>
      <data key="v_label">Florida</data>
      <data key="v_value">9</data>
    </node>
    <node id="n28">
      <data key="v_id">28</data>
      <data key="v_label">BoiseState</data>
      <data key="v_value">11</data>
    </node>
    <node id="n29">
      <data key="v_id">29</data>
      <data key="v_label">BostonCollege</data>
      <data key="v_value">1</data>
    </node>
    <node id="n30">
      <data key="v_id">30</data>
      <data key="v_label">WestVirginia</data>
      <data key="v_value">1</data>
    </node>
    <node id="n31">
      <data key="v_id">31</data>
      <data key="v_label">BowlingGreenState</data>
      <data key="v_value">6</data>
    </node>
    <node id="n32">
      <data key="v_id">32</data>
      <data key="v_label">Michigan</data>
      <data key="v_value">2</data>
    </node>
    <node id="n33">
      <data key="v_id">33</data>
      <data key="v_label">Virginia</data>
      <data key="v_value">0</data>
    </node>
    <node id="n34">
      <data key="v_id">34</data>
      <data key="v_label">Buffalo</data>
      <data key="v_value">6</data>
    </node>
    <node id="n35">
      <data key="v_id">35</data>
      <data key="v_label">Syracuse</data>
      <data key="v_value">1</data>
    </node>
    <node id="n36">
      <data key="v_id">36</data>
      <data key="v_label">CentralFlorida</data>
      <data key="v_value">5</data>
    </node>
    <node id="n37">
      <data key="v_id">37</data>
      <data key="v_label">GeorgiaTech</data>
      <data key="v_value">0</data>
    </node>
    <node id="n38">
      <data key="v_id">38</data>
      <data key="v_label">CentralMichigan</data>
      <data key="v_value">6</data>
    </node>
    <node id="n39">
      <data key="v_id">39</data>
      <data key="v_label">Purdue</data>
      <data key="v_value">2</data>
    </node>
    <node id="n40">
      <data key="v_id">40</data>
      <data key="v_label">Colorado</data>
      <data key="v_value">3</data>
    </node>
    <node id="n41">
      <data key="v_id">41</data>
      <data key="v_label">ColoradoState</data>
      <data key="v_value">7</data>
    </node>
    <node id="n42">
      <data key="v_id">42</data>
      <data key="v_label">Connecticut</data>
      <data key="v_value">5</data>
    </node>
    <node id="n43">
      <data key="v_id">43</data>
      <data key="v_label">EasternMichigan</data>
      <data key="v_value">6</data>
    </node>
    <node id="n44">
      <data key="v_id">44</data>
      <data key="v_label">EastCarolina</data>
      <data key="v_value">4</data>
    </node>
    <node id="n45">
      <data key="v_id">45</data>
      <data key="v_label">Duke</data>
      <data key="v_value">0</data>
    </node>
    <node id="n46">
      <data key="v_id">46</data>
      <data key="v_label">FresnoState</data>
      <data key="v_value">11</data>
    </node>
    <node id="n47">
      <data key="v_id">47</data>
      <data key="v_label">OhioState</data>
      <data key="v_value">2</data>
    </node>
    <node id="n48">
      <data key="v_id">48</data>
      <data key="v_label">Houston</data>
      <data key="v_value">4</data>
    </node>
    <node id="n49">
      <data key="v_id">49</data>
      <data key="v_label">Rice</data>
      <data key="v_value">11</data>
    </node>
    <node id="n50">
      <data key="v_id">50</data>
      <data key="v_label">Idaho</data>
      <data key="v_value">10</data>
    </node>
    <node id="n51">
      <data key="v_id">51</data>
      <data key="v_label">Washington</data>
      <data key="v_value">8</data>
    </node>
    <node id="n52">
      <data key="v_id">52</data>
      <data key="v_label">Kansas</data>
      <data key="v_value">3</data>
    </node>
    <node id="n53">
      <data key="v_id">53</data>
      <data key="v_label">SouthernMethodist</data>
      <data key="v_value">11</data>
    </node>
    <node id="n54">
      <data key="v_id">54</data>
      <data key="v_label">Kent</data>
      <data key="v_value">6</data>
    </node>
    <node id="n55">
      <data key="v_id">55</data>
      <data key="v_label">Pittsburgh</data>
      <data key="v_value">1</data>
    </node>
    <node id="n56">
      <data key="v_id">56</data>
      <data key="v_label">Kentucky</data>
      <data key="v_value">9</data>
    </node>
    <node id="n57">
      <data key="v_id">57</data>
      <data key="v_label">Louisville</data>
      <data key="v_value">4</data>
    </node>
    <node id="n58">
      <data key="v_id">58</data>
      <data key="v_label">LouisianaTech</data>
      <data key="v_value">11</data>
    </node>
    <node id="n59">
      <data key="v_id">59</data>
      <data key="v_label">LouisianaMonroe</data>
      <data key="v_value">10</data>
    </node>
    <node id="n60">
      <data key="v_id">60</data>
      <data key="v_label">Minnesota</data>
      <data key="v_value">2</data>
    </node>
    <node id="n61">
      <data key="v_id">61</data>
      <data key="v_label">MiamiOhio</data>
      <data key="v_value">6</data>
    </node>
    <node id="n62">
      <data key="v_id">62</data>
      <data key="v_label">Vanderbilt</data>
      <data key="v_value">9</data>
    </node>
    <node id="n63">
      <data key="v_id">63</data>
      <data key="v_label">MiddleTennesseeState</data>
      <data key="v_value">10</data>
    </node>
    <node id="n64">
      <data key="v_id">64</data>
      <data key="v_label">Illinois</data>
      <data key="v_value">2</data>
    </node>
    <node id="n65">
      <data key="v_id">65</data>
      <data key="v_label">MississippiState</data>
      <data key="v_value">9</data>
    </node>
    <node id="n66">
      <data key="v_id">66</data>
      <data key="v_label">Memphis</data>
      <data key="v_value">4</data>
    </node>
    <node id="n67">
      <data key="v_id">67</data>
      <data key="v_label">Nevada</data>
      <data key="v_value">11</data>
    </node>
    <node id="n68">
      <data key="v_id">68</data>
      <data key="v_label">Oregon</data>
      <data key="v_value">8</data>
    </node>
    <node id="n69">
      <data key="v_id">69</data>
      <data key="v_label">NewMexicoState</data>
      <data key="v_value">10</data>
    </node>
    <node id="n70">
      <data key="v_id">70</data>
      <data key="v_label">SouthCarolina</data>
      <data key="v_value">9</data>
    </node>
    <node id="n71">
      <data key="v_id">71</data>
      <data key="v_label">Ohio</data>
      <data key="v_value">6</data>
    </node>
    <node id="n72">
      <data key="v_id">72</data>
      <data key="v_label">IowaState</data>
      <data key="v_value">3</data>
    </node>
    <node id="n73">
      <data key="v_id">73</data>
      <data key="v_label">SanJoseState</data>
      <data key="v_value">11</data>
    </node>
    <node id="n74">
      <data key="v_id">74</data>
      <data key="v_label">Nebraska</data>
      <data key="v_value">3</data>
    </node>
    <node id="n75">
      <data key="v_id">75</data>
      <data key="v_label">SouthernMississippi</data>
      <data key="v_value">4</data>
    </node>
    <node id="n76">
      <data key="v_id">76</data>
      <data key="v_label">Tennessee</data>
      <data key="v_value">9</data>
    </node>
    <node id="n77">
      <data key="v_id">77</data>
      <data key="v_label">Stanford</data>
      <data key="v_value">8</data>
    </node>
    <node id="n78">
      <data key="v_id">78</data>
      <data key="v_label">WashingtonState</data>
      <data key="v_value">8</data>
    </node>
    <node id="n79">
      <data key="v_id">79</data>
      <data key="v_label">Temple</data>
      <data key="v_value">1</data>
    </node>
    <node id="n80">
      <data key="v_id">80</data>
      <data key="v_label">Navy</data>
      <data key="v_value">5</data>
    </node>
    <node id="n81">
      <data key="v_id">81</data>
      <data key="v_label">TexasA&amp;M</data>
      <data key="v_value">3</data>
    </node>
    <node id="n82">
      <data key="v_id">82</data>
      <data key="v_label">NotreDame</data>
      <data key="v_value">5</data>
    </node>
    <node id="n83">
      <data key="v_id">83</data>
      <data key="v_label">TexasElPaso</data>
      <data key="v_value">11</data>
    </node>
    <node id="n84">
      <data key="v_id">84</data>
      <data key="v_label">Oklahoma</data>
      <data key="v_value">3</data>
    </node>
    <node id="n85">
      <data key="v_id">85</data>
      <data key="v_label">Toledo</data>
      <data key="v_value">6</data>
    </node>
    <node id="n86">
      <data key="v_id">86</data>
      <data key="v_label">Tulane</data>
      <data key="v_value">4</data>
    </node>
    <node id="n87">
      <data key="v_id">87</data>
      <data key="v_label">Mississippi</data>
      <data key="v_value">9</data>
    </node>
    <node id="n88">
      <data key="v_id">88</data>
      <data key="v_label">Tulsa</data>
      <data key="v_value">11</data>
    </node>
    <node id="n89">
      <data key="v_id">89</data>
      <data key="v_label">NorthCarolina</data>
      <data key="v_value">0</data>
    </node>
    <node id="n90">
      <data key="v_id">90</data>
      <data key="v_label">UtahState</data>
      <data key="v_value">5</data>
    </node>
    <node id="n91">
      <data key="v_id">91</data>
      <data key="v_label">Army</data>
      <data key="v_value">4</data>
    </node>
    <node id="n92">
      <data key="v_id">92</data>
      <data key="v_label">Cincinnati</data>
      <data key="v_value">4</data>
    </node>
    <node id="n93">
      <data key="v_id">93</data>
      <data key="v_label">AirForce</data>
      <data key="v_value">7</data>
    </node>
    <node id="n94">
      <data key="v_id">94</data>
      <data key="v_label">Rutgers</data>
      <data key="v_value">1</data>
    </node>
    <node id="n95">
      <data key="v_id">95</data>
      <data key="v_label">Georgia</data>
      <data key="v_value">9</data>
    </node>
    <node id="n96">
      <data key="v_id">96</data>
      <data key="v_label">LouisianaState</data>
      <data key="v_value">9</data>
    </node>
    <node id="n97">
      <data key="v_id">97</data>
      <data key="v_label">LouisianaLafayette</data>
      <data key="v_value">10</data>
    </node>
    <node id="n98">
      <data key="v_id">98</data>
      <data key="v_label">Texas</data>
      <data key="v_value">3</data>
    </node>
    <node id="n99">
      <data key="v_id">99</data>
      <data key="v_label">Marshall</data>
      <data key="v_value">6</data>
    </node>
    <node id="n100">
      <data key="v_id">100</data>
      <data key="v_label">MichiganState</data>
      <data key="v_value">2</data>
    </node>
    <node id="n101">
      <data key="v_id">101</data>
      <data key="v_label">MiamiFlorida</data>
      <data key="v_value">1</data>
    </node>
    <node id="n102">
      <data key="v_id">102</data>
      <data key="v_label">Missouri</data>
      <data key="v_value">3</data>
    </node>
    <node id="n103">
      <data key="v_id">103</data>
      <data key="v_label">Clemson</data>
      <data key="v_value">0</data>
    </node>
    <node id="n104">
      <data key="v_id">104</data>
      <data key="v_label">NevadaLasVegas</data>
      <data key="v_value">7</data>
    </node>
    <node id="n105">
      <data key="v_id">105</data>
      <data key="v_label">WakeForest</data>
      <data key="v_value">0</data>
    </node>
    <node id="n106">
      <data key="v_id">106</data>
      <data key="v_label">Indiana</data>
      <data key="v_value">2</data>
    </node>
    <node id="n107">
      <data key="v_id">107</data>
      <data key="v_label">OklahomaState</data>
      <data key="v_value">3</data>
    </node>
    <node id="n108">
      <data key="v_id">108</data>
      <data key="v_label">OregonState</data>
      <data key="v_value">8</data>
    </node>
    <node id="n109">
      <data key="v_id">109</data>
      <data key="v_label">Maryland</data>
      <data key="v_value">0</data>
    </node>
    <node id="n110">
      <data key="v_id">110</data>
      <data key="v_label">TexasChristian</data>
      <data key="v_value">4</data>
    </node>
    <node id="n111">
      <data key="v_id">111</data>
      <data key="v_label">California</data>
      <data key="v_value">8</data>
    </node>
    <node id="n112">
      <data key="v_id">112</data>
      <data key="v_label">AlabamaBirmingham</data>
      <data key="v_value">4</data>
    </node>
    <node id="n113">
      <data key="v_id">113</data>
      <data key="v_label">Arkansas</data>
      <data key="v_value">9</data>
    </node>
    <node id="n114">
      <data key="v_id">114</data>
      <data key="v_label">Hawaii</data>
      <data key="v_value">11</data>
    </node>
    <edge source="n0" target="n1">
    </edge>
    <edge source="n2" target="n3">
    </edge>
    <edge source="n0" target="n4">
    </edge>
    <edge source="n4" target="n5">
    </edge>
    <edge source="n3" target="n5">
    </edge>
    <edge source="n2" target="n6">
    </edge>
    <edge source="n6" target="n7">
    </edge>
    <edge source="n7" target="n8">
    </edge>
    <edge source="n8" target="n9">
    </edge>
    <edge source="n0" target="n9">
    </edge>
    <edge source="n4" target="n9">
    </edge>
    <edge source="n5" target="n10">
    </edge>
    <edge source="n10" target="n11">
    </edge>
    <edge source="n5" target="n11">
    </edge>
    <edge source="n3" target="n11">
    </edge>
    <edge source="n12" target="n13">
    </edge>
    <edge source="n2" target="n13">
    </edge>
    <edge source="n2" target="n14">
    </edge>
    <edge source="n12" target="n14">
    </edge>
    <edge source="n14" target="n15">
    </edge>
    <edge source="n13" target="n15">
    </edge>
    <edge source="n2" target="n15">
    </edge>
    <edge source="n4" target="n16">
    </edge>
    <edge source="n9" target="n16">
    </edge>
    <edge source="n0" target="n16">
    </edge>
    <edge source="n16" target="n17">
    </edge>
    <edge source="n12" target="n17">
    </edge>
    <edge source="n12" target="n18">
    </edge>
    <edge source="n18" target="n19">
    </edge>
    <edge source="n17" target="n20">
    </edge>
    <edge source="n20" target="n21">
    </edge>
    <edge source="n8" target="n21">
    </edge>
    <edge source="n7" target="n21">
    </edge>
    <edge source="n9" target="n22">
    </edge>
    <edge source="n7" target="n22">
    </edge>
    <edge source="n21" target="n22">
    </edge>
    <edge source="n8" target="n22">
    </edge>
    <edge source="n22" target="n23">
    </edge>
    <edge source="n9" target="n23">
    </edge>
    <edge source="n4" target="n23">
    </edge>
    <edge source="n16" target="n23">
    </edge>
    <edge source="n0" target="n23">
    </edge>
    <edge source="n11" target="n24">
    </edge>
    <edge source="n24" target="n25">
    </edge>
    <edge source="n1" target="n25">
    </edge>
    <edge source="n3" target="n26">
    </edge>
    <edge source="n12" target="n26">
    </edge>
    <edge source="n14" target="n26">
    </edge>
    <edge source="n26" target="n27">
    </edge>
    <edge source="n17" target="n27">
    </edge>
    <edge source="n1" target="n27">
    </edge>
    <edge source="n4" target="n28">
    </edge>
    <edge source="n11" target="n28">
    </edge>
    <edge source="n24" target="n28">
    </edge>
    <edge source="n19" target="n29">
    </edge>
    <edge source="n29" target="n30">
    </edge>
    <edge source="n19" target="n30">
    </edge>
    <edge source="n18" target="n31">
    </edge>
    <edge source="n31" target="n32">
    </edge>
    <edge source="n21" target="n32">
    </edge>
    <edge source="n15" target="n32">
    </edge>
    <edge source="n13" target="n32">
    </edge>
    <edge source="n6" target="n32">
    </edge>
    <edge source="n0" target="n33">
    </edge>
    <edge source="n1" target="n33">
    </edge>
    <edge source="n25" target="n33">
    </edge>
    <edge source="n19" target="n33">
    </edge>
    <edge source="n31" target="n34">
    </edge>
    <edge source="n26" target="n34">
    </edge>
    <edge source="n12" target="n34">
    </edge>
    <edge source="n18" target="n34">
    </edge>
    <edge source="n34" target="n35">
    </edge>
    <edge source="n0" target="n35">
    </edge>
    <edge source="n29" target="n35">
    </edge>
    <edge source="n19" target="n35">
    </edge>
    <edge source="n30" target="n35">
    </edge>
    <edge source="n18" target="n36">
    </edge>
    <edge source="n12" target="n36">
    </edge>
    <edge source="n20" target="n36">
    </edge>
    <edge source="n19" target="n36">
    </edge>
    <edge source="n36" target="n37">
    </edge>
    <edge source="n1" target="n37">
    </edge>
    <edge source="n25" target="n37">
    </edge>
    <edge source="n33" target="n37">
    </edge>
    <edge source="n18" target="n38">
    </edge>
    <edge source="n16" target="n38">
    </edge>
    <edge source="n28" target="n38">
    </edge>
    <edge source="n26" target="n38">
    </edge>
    <edge source="n14" target="n38">
    </edge>
    <edge source="n12" target="n38">
    </edge>
    <edge source="n38" target="n39">
    </edge>
    <edge source="n6" target="n39">
    </edge>
    <edge source="n32" target="n39">
    </edge>
    <edge source="n13" target="n39">
    </edge>
    <edge source="n15" target="n39">
    </edge>
    <edge source="n7" target="n40">
    </edge>
    <edge source="n3" target="n40">
    </edge>
    <edge source="n40" target="n41">
    </edge>
    <edge source="n8" target="n41">
    </edge>
    <edge source="n4" target="n41">
    </edge>
    <edge source="n23" target="n41">
    </edge>
    <edge source="n9" target="n41">
    </edge>
    <edge source="n0" target="n41">
    </edge>
    <edge source="n16" target="n41">
    </edge>
    <edge source="n34" target="n42">
    </edge>
    <edge source="n29" target="n42">
    </edge>
    <edge source="n18" target="n42">
    </edge>
    <edge source="n26" target="n42">
    </edge>
    <edge source="n42" target="n43">
    </edge>
    <edge source="n36" target="n43">
    </edge>
    <edge source="n26" target="n43">
    </edge>
    <edge source="n31" target="n43">
    </edge>
    <edge source="n38" target="n43">
    </edge>
    <edge source="n12" target="n43">
    </edge>
    <edge source="n14" target="n43">
    </edge>
    <edge source="n19" target="n44">
    </edge>
    <edge source="n35" target="n44">
    </edge>
    <edge source="n30" target="n44">
    </edge>
    <edge source="n44" target="n45">
    </edge>
    <edge source="n13" target="n45">
    </edge>
    <edge source="n33" target="n45">
    </edge>
    <edge source="n1" target="n45">
    </edge>
    <edge source="n37" target="n45">
    </edge>
    <edge source="n25" target="n45">
    </edge>
    <edge source="n21" target="n46">
    </edge>
    <edge source="n46" target="n47">
    </edge>
    <edge source="n22" target="n47">
    </edge>
    <edge source="n6" target="n47">
    </edge>
    <edge source="n15" target="n47">
    </edge>
    <edge source="n2" target="n47">
    </edge>
    <edge source="n39" target="n47">
    </edge>
    <edge source="n32" target="n47">
    </edge>
    <edge source="n44" target="n48">
    </edge>
    <edge source="n48" target="n49">
    </edge>
    <edge source="n32" target="n49">
    </edge>
    <edge source="n46" target="n49">
    </edge>
    <edge source="n30" target="n50">
    </edge>
    <edge source="n24" target="n50">
    </edge>
    <edge source="n11" target="n50">
    </edge>
    <edge source="n28" target="n50">
    </edge>
    <edge source="n50" target="n51">
    </edge>
    <edge source="n40" target="n51">
    </edge>
    <edge source="n8" target="n51">
    </edge>
    <edge source="n22" target="n51">
    </edge>
    <edge source="n21" target="n51">
    </edge>
    <edge source="n3" target="n52">
    </edge>
    <edge source="n40" target="n52">
    </edge>
    <edge source="n5" target="n52">
    </edge>
    <edge source="n52" target="n53">
    </edge>
    <edge source="n25" target="n53">
    </edge>
    <edge source="n48" target="n53">
    </edge>
    <edge source="n49" target="n53">
    </edge>
    <edge source="n46" target="n53">
    </edge>
    <edge source="n39" target="n54">
    </edge>
    <edge source="n31" target="n54">
    </edge>
    <edge source="n38" target="n54">
    </edge>
    <edge source="n14" target="n54">
    </edge>
    <edge source="n34" target="n54">
    </edge>
    <edge source="n18" target="n54">
    </edge>
    <edge source="n54" target="n55">
    </edge>
    <edge source="n31" target="n55">
    </edge>
    <edge source="n6" target="n55">
    </edge>
    <edge source="n35" target="n55">
    </edge>
    <edge source="n29" target="n55">
    </edge>
    <edge source="n19" target="n55">
    </edge>
    <edge source="n30" target="n55">
    </edge>
    <edge source="n27" target="n56">
    </edge>
    <edge source="n56" target="n57">
    </edge>
    <edge source="n1" target="n57">
    </edge>
    <edge source="n42" target="n57">
    </edge>
    <edge source="n44" target="n57">
    </edge>
    <edge source="n48" target="n57">
    </edge>
    <edge source="n3" target="n58">
    </edge>
    <edge source="n6" target="n58">
    </edge>
    <edge source="n17" target="n58">
    </edge>
    <edge source="n36" target="n58">
    </edge>
    <edge source="n36" target="n59">
    </edge>
    <edge source="n58" target="n59">
    </edge>
    <edge source="n59" target="n60">
    </edge>
    <edge source="n10" target="n60">
    </edge>
    <edge source="n39" target="n60">
    </edge>
    <edge source="n6" target="n60">
    </edge>
    <edge source="n47" target="n60">
    </edge>
    <edge source="n13" target="n60">
    </edge>
    <edge source="n15" target="n60">
    </edge>
    <edge source="n2" target="n60">
    </edge>
    <edge source="n43" target="n61">
    </edge>
    <edge source="n47" target="n61">
    </edge>
    <edge source="n54" target="n61">
    </edge>
    <edge source="n18" target="n61">
    </edge>
    <edge source="n26" target="n61">
    </edge>
    <edge source="n31" target="n61">
    </edge>
    <edge source="n34" target="n61">
    </edge>
    <edge source="n61" target="n62">
    </edge>
    <edge source="n20" target="n62">
    </edge>
    <edge source="n45" target="n62">
    </edge>
    <edge source="n17" target="n62">
    </edge>
    <edge source="n27" target="n62">
    </edge>
    <edge source="n56" target="n62">
    </edge>
    <edge source="n27" target="n63">
    </edge>
    <edge source="n58" target="n63">
    </edge>
    <edge source="n59" target="n63">
    </edge>
    <edge source="n42" target="n63">
    </edge>
    <edge source="n63" target="n64">
    </edge>
    <edge source="n9" target="n64">
    </edge>
    <edge source="n32" target="n64">
    </edge>
    <edge source="n60" target="n64">
    </edge>
    <edge source="n2" target="n64">
    </edge>
    <edge source="n6" target="n64">
    </edge>
    <edge source="n47" target="n64">
    </edge>
    <edge source="n13" target="n64">
    </edge>
    <edge source="n0" target="n65">
    </edge>
    <edge source="n27" target="n65">
    </edge>
    <edge source="n17" target="n65">
    </edge>
    <edge source="n63" target="n65">
    </edge>
    <edge source="n56" target="n65">
    </edge>
    <edge source="n20" target="n65">
    </edge>
    <edge source="n65" target="n66">
    </edge>
    <edge source="n59" target="n66">
    </edge>
    <edge source="n24" target="n66">
    </edge>
    <edge source="n44" target="n66">
    </edge>
    <edge source="n48" target="n66">
    </edge>
    <edge source="n16" target="n67">
    </edge>
    <edge source="n41" target="n67">
    </edge>
    <edge source="n46" target="n67">
    </edge>
    <edge source="n53" target="n67">
    </edge>
    <edge source="n49" target="n67">
    </edge>
    <edge source="n67" target="n68">
    </edge>
    <edge source="n15" target="n68">
    </edge>
    <edge source="n50" target="n68">
    </edge>
    <edge source="n21" target="n68">
    </edge>
    <edge source="n51" target="n68">
    </edge>
    <edge source="n7" target="n68">
    </edge>
    <edge source="n22" target="n68">
    </edge>
    <edge source="n8" target="n68">
    </edge>
    <edge source="n4" target="n69">
    </edge>
    <edge source="n24" target="n69">
    </edge>
    <edge source="n28" target="n69">
    </edge>
    <edge source="n50" target="n69">
    </edge>
    <edge source="n11" target="n69">
    </edge>
    <edge source="n69" target="n70">
    </edge>
    <edge source="n43" target="n70">
    </edge>
    <edge source="n65" target="n70">
    </edge>
    <edge source="n20" target="n70">
    </edge>
    <edge source="n56" target="n70">
    </edge>
    <edge source="n62" target="n70">
    </edge>
    <edge source="n27" target="n70">
    </edge>
    <edge source="n60" target="n71">
    </edge>
    <edge source="n18" target="n71">
    </edge>
    <edge source="n14" target="n71">
    </edge>
    <edge source="n34" target="n71">
    </edge>
    <edge source="n54" target="n71">
    </edge>
    <edge source="n38" target="n71">
    </edge>
    <edge source="n61" target="n71">
    </edge>
    <edge source="n31" target="n71">
    </edge>
    <edge source="n71" target="n72">
    </edge>
    <edge source="n2" target="n72">
    </edge>
    <edge source="n10" target="n72">
    </edge>
    <edge source="n3" target="n72">
    </edge>
    <edge source="n40" target="n72">
    </edge>
    <edge source="n52" target="n72">
    </edge>
    <edge source="n7" target="n73">
    </edge>
    <edge source="n49" target="n73">
    </edge>
    <edge source="n53" target="n73">
    </edge>
    <edge source="n67" target="n73">
    </edge>
    <edge source="n46" target="n73">
    </edge>
    <edge source="n73" target="n74">
    </edge>
    <edge source="n2" target="n74">
    </edge>
    <edge source="n72" target="n74">
    </edge>
    <edge source="n5" target="n74">
    </edge>
    <edge source="n10" target="n74">
    </edge>
    <edge source="n52" target="n74">
    </edge>
    <edge source="n3" target="n74">
    </edge>
    <edge source="n40" target="n74">
    </edge>
    <edge source="n20" target="n75">
    </edge>
    <edge source="n66" target="n75">
    </edge>
    <edge source="n48" target="n75">
    </edge>
    <edge source="n57" target="n75">
    </edge>
    <edge source="n44" target="n75">
    </edge>
    <edge source="n75" target="n76">
    </edge>
    <edge source="n27" target="n76">
    </edge>
    <edge source="n59" target="n76">
    </edge>
    <edge source="n20" target="n76">
    </edge>
    <edge source="n70" target="n76">
    </edge>
    <edge source="n66" target="n76">
    </edge>
    <edge source="n56" target="n76">
    </edge>
    <edge source="n62" target="n76">
    </edge>
    <edge source="n73" target="n77">
    </edge>
    <edge source="n22" target="n77">
    </edge>
    <edge source="n7" target="n77">
    </edge>
    <edge source="n51" target="n77">
    </edge>
    <edge source="n21" target="n77">
    </edge>
    <edge source="n8" target="n77">
    </edge>
    <edge source="n77" target="n78">
    </edge>
    <edge source="n23" target="n78">
    </edge>
    <edge source="n50" target="n78">
    </edge>
    <edge source="n28" target="n78">
    </edge>
    <edge source="n22" target="n78">
    </edge>
    <edge source="n8" target="n78">
    </edge>
    <edge source="n68" target="n78">
    </edge>
    <edge source="n7" target="n78">
    </edge>
    <edge source="n51" target="n78">
    </edge>
    <edge source="n31" target="n79">
    </edge>
    <edge source="n43" target="n79">
    </edge>
    <edge source="n30" target="n79">
    </edge>
    <edge source="n19" target="n79">
    </edge>
    <edge source="n29" target="n79">
    </edge>
    <edge source="n35" target="n79">
    </edge>
    <edge source="n55" target="n79">
    </edge>
    <edge source="n79" target="n80">
    </edge>
    <edge source="n37" target="n80">
    </edge>
    <edge source="n29" target="n80">
    </edge>
    <edge source="n16" target="n81">
    </edge>
    <edge source="n5" target="n81">
    </edge>
    <edge source="n40" target="n81">
    </edge>
    <edge source="n10" target="n81">
    </edge>
    <edge source="n72" target="n81">
    </edge>
    <edge source="n3" target="n81">
    </edge>
    <edge source="n81" target="n82">
    </edge>
    <edge source="n74" target="n82">
    </edge>
    <edge source="n39" target="n82">
    </edge>
    <edge source="n77" target="n82">
    </edge>
    <edge source="n80" target="n82">
    </edge>
    <edge source="n30" target="n82">
    </edge>
    <edge source="n29" target="n82">
    </edge>
    <edge source="n7" target="n82">
    </edge>
    <edge source="n53" target="n83">
    </edge>
    <edge source="n81" target="n83">
    </edge>
    <edge source="n69" target="n83">
    </edge>
    <edge source="n73" target="n83">
    </edge>
    <edge source="n46" target="n83">
    </edge>
    <edge source="n67" target="n83">
    </edge>
    <edge source="n49" target="n83">
    </edge>
    <edge source="n83" target="n84">
    </edge>
    <edge source="n24" target="n84">
    </edge>
    <edge source="n49" target="n84">
    </edge>
    <edge source="n52" target="n84">
    </edge>
    <edge source="n3" target="n84">
    </edge>
    <edge source="n74" target="n84">
    </edge>
    <edge source="n10" target="n84">
    </edge>
    <edge source="n81" target="n84">
    </edge>
    <edge source="n5" target="n84">
    </edge>
    <edge source="n3" target="n84">
    </edge>
    <edge source="n6" target="n85">
    </edge>
    <edge source="n14" target="n85">
    </edge>
    <edge source="n38" target="n85">
    </edge>
    <edge source="n43" target="n85">
    </edge>
    <edge source="n80" target="n85">
    </edge>
    <edge source="n12" target="n85">
    </edge>
    <edge source="n26" target="n85">
    </edge>
    <edge source="n31" target="n85">
    </edge>
    <edge source="n44" target="n86">
    </edge>
    <edge source="n53" target="n86">
    </edge>
    <edge source="n75" target="n86">
    </edge>
    <edge source="n57" target="n86">
    </edge>
    <edge source="n48" target="n86">
    </edge>
    <edge source="n80" target="n86">
    </edge>
    <edge source="n66" target="n86">
    </edge>
    <edge source="n86" target="n87">
    </edge>
    <edge source="n17" target="n87">
    </edge>
    <edge source="n62" target="n87">
    </edge>
    <edge source="n56" target="n87">
    </edge>
    <edge source="n24" target="n87">
    </edge>
    <edge source="n20" target="n87">
    </edge>
    <edge source="n65" target="n87">
    </edge>
    <edge source="n49" target="n88">
    </edge>
    <edge source="n58" target="n88">
    </edge>
    <edge source="n83" target="n88">
    </edge>
    <edge source="n69" target="n88">
    </edge>
    <edge source="n46" target="n88">
    </edge>
    <edge source="n53" target="n88">
    </edge>
    <edge source="n73" target="n88">
    </edge>
    <edge source="n67" target="n88">
    </edge>
    <edge source="n88" target="n89">
    </edge>
    <edge source="n1" target="n89">
    </edge>
    <edge source="n37" target="n89">
    </edge>
    <edge source="n25" target="n89">
    </edge>
    <edge source="n33" target="n89">
    </edge>
    <edge source="n55" target="n89">
    </edge>
    <edge source="n45" target="n89">
    </edge>
    <edge source="n5" target="n90">
    </edge>
    <edge source="n8" target="n90">
    </edge>
    <edge source="n23" target="n90">
    </edge>
    <edge source="n0" target="n90">
    </edge>
    <edge source="n11" target="n90">
    </edge>
    <edge source="n50" target="n90">
    </edge>
    <edge source="n24" target="n90">
    </edge>
    <edge source="n69" target="n90">
    </edge>
    <edge source="n28" target="n90">
    </edge>
    <edge source="n29" target="n91">
    </edge>
    <edge source="n48" target="n91">
    </edge>
    <edge source="n66" target="n91">
    </edge>
    <edge source="n69" target="n91">
    </edge>
    <edge source="n44" target="n91">
    </edge>
    <edge source="n86" target="n91">
    </edge>
    <edge source="n57" target="n91">
    </edge>
    <edge source="n80" target="n91">
    </edge>
    <edge source="n91" target="n92">
    </edge>
    <edge source="n35" target="n92">
    </edge>
    <edge source="n15" target="n92">
    </edge>
    <edge source="n86" target="n92">
    </edge>
    <edge source="n48" target="n92">
    </edge>
    <edge source="n57" target="n92">
    </edge>
    <edge source="n61" target="n92">
    </edge>
    <edge source="n66" target="n92">
    </edge>
    <edge source="n75" target="n92">
    </edge>
    <edge source="n0" target="n93">
    </edge>
    <edge source="n23" target="n93">
    </edge>
    <edge source="n80" target="n93">
    </edge>
    <edge source="n16" target="n93">
    </edge>
    <edge source="n4" target="n93">
    </edge>
    <edge source="n82" target="n93">
    </edge>
    <edge source="n91" target="n93">
    </edge>
    <edge source="n41" target="n93">
    </edge>
    <edge source="n9" target="n93">
    </edge>
    <edge source="n34" target="n94">
    </edge>
    <edge source="n19" target="n94">
    </edge>
    <edge source="n55" target="n94">
    </edge>
    <edge source="n79" target="n94">
    </edge>
    <edge source="n80" target="n94">
    </edge>
    <edge source="n29" target="n94">
    </edge>
    <edge source="n30" target="n94">
    </edge>
    <edge source="n82" target="n94">
    </edge>
    <edge source="n35" target="n94">
    </edge>
    <edge source="n70" target="n95">
    </edge>
    <edge source="n69" target="n95">
    </edge>
    <edge source="n76" target="n95">
    </edge>
    <edge source="n62" target="n95">
    </edge>
    <edge source="n56" target="n95">
    </edge>
    <edge source="n27" target="n95">
    </edge>
    <edge source="n17" target="n95">
    </edge>
    <edge source="n87" target="n95">
    </edge>
    <edge source="n37" target="n95">
    </edge>
    <edge source="n48" target="n96">
    </edge>
    <edge source="n17" target="n96">
    </edge>
    <edge source="n76" target="n96">
    </edge>
    <edge source="n27" target="n96">
    </edge>
    <edge source="n56" target="n96">
    </edge>
    <edge source="n65" target="n96">
    </edge>
    <edge source="n20" target="n96">
    </edge>
    <edge source="n87" target="n96">
    </edge>
    <edge source="n5" target="n97">
    </edge>
    <edge source="n86" target="n97">
    </edge>
    <edge source="n58" target="n97">
    </edge>
    <edge source="n11" target="n97">
    </edge>
    <edge source="n59" target="n97">
    </edge>
    <edge source="n63" target="n97">
    </edge>
    <edge source="n97" target="n98">
    </edge>
    <edge source="n77" target="n98">
    </edge>
    <edge source="n48" target="n98">
    </edge>
    <edge source="n84" target="n98">
    </edge>
    <edge source="n40" target="n98">
    </edge>
    <edge source="n10" target="n98">
    </edge>
    <edge source="n5" target="n98">
    </edge>
    <edge source="n52" target="n98">
    </edge>
    <edge source="n81" target="n98">
    </edge>
    <edge source="n89" target="n99">
    </edge>
    <edge source="n34" target="n99">
    </edge>
    <edge source="n14" target="n99">
    </edge>
    <edge source="n85" target="n99">
    </edge>
    <edge source="n54" target="n99">
    </edge>
    <edge source="n18" target="n99">
    </edge>
    <edge source="n31" target="n99">
    </edge>
    <edge source="n61" target="n99">
    </edge>
    <edge source="n71" target="n99">
    </edge>
    <edge source="n14" target="n99">
    </edge>
    <edge source="n99" target="n100">
    </edge>
    <edge source="n82" target="n100">
    </edge>
    <edge source="n13" target="n100">
    </edge>
    <edge source="n2" target="n100">
    </edge>
    <edge source="n15" target="n100">
    </edge>
    <edge source="n32" target="n100">
    </edge>
    <edge source="n64" target="n100">
    </edge>
    <edge source="n47" target="n100">
    </edge>
    <edge source="n39" target="n100">
    </edge>
    <edge source="n6" target="n100">
    </edge>
    <edge source="n51" target="n101">
    </edge>
    <edge source="n30" target="n101">
    </edge>
    <edge source="n94" target="n101">
    </edge>
    <edge source="n1" target="n101">
    </edge>
    <edge source="n79" target="n101">
    </edge>
    <edge source="n58" target="n101">
    </edge>
    <edge source="n19" target="n101">
    </edge>
    <edge source="n55" target="n101">
    </edge>
    <edge source="n35" target="n101">
    </edge>
    <edge source="n29" target="n101">
    </edge>
    <edge source="n100" target="n102">
    </edge>
    <edge source="n74" target="n102">
    </edge>
    <edge source="n52" target="n102">
    </edge>
    <edge source="n98" target="n102">
    </edge>
    <edge source="n72" target="n102">
    </edge>
    <edge source="n40" target="n102">
    </edge>
    <edge source="n10" target="n102">
    </edge>
    <edge source="n3" target="n102">
    </edge>
    <edge source="n102" target="n103">
    </edge>
    <edge source="n33" target="n103">
    </edge>
    <edge source="n45" target="n103">
    </edge>
    <edge source="n25" target="n103">
    </edge>
    <edge source="n89" target="n103">
    </edge>
    <edge source="n37" target="n103">
    </edge>
    <edge source="n1" target="n103">
    </edge>
    <edge source="n70" target="n103">
    </edge>
    <edge source="n72" target="n104">
    </edge>
    <edge source="n11" target="n104">
    </edge>
    <edge source="n0" target="n104">
    </edge>
    <edge source="n93" target="n104">
    </edge>
    <edge source="n67" target="n104">
    </edge>
    <edge source="n41" target="n104">
    </edge>
    <edge source="n16" target="n104">
    </edge>
    <edge source="n87" target="n104">
    </edge>
    <edge source="n23" target="n104">
    </edge>
    <edge source="n4" target="n104">
    </edge>
    <edge source="n9" target="n104">
    </edge>
    <edge source="n89" target="n105">
    </edge>
    <edge source="n103" target="n105">
    </edge>
    <edge source="n33" target="n105">
    </edge>
    <edge source="n62" target="n105">
    </edge>
    <edge source="n37" target="n105">
    </edge>
    <edge source="n45" target="n105">
    </edge>
    <edge source="n1" target="n105">
    </edge>
    <edge source="n80" target="n105">
    </edge>
    <edge source="n25" target="n105">
    </edge>
    <edge source="n25" target="n106">
    </edge>
    <edge source="n56" target="n106">
    </edge>
    <edge source="n92" target="n106">
    </edge>
    <edge source="n2" target="n106">
    </edge>
    <edge source="n13" target="n106">
    </edge>
    <edge source="n32" target="n106">
    </edge>
    <edge source="n60" target="n106">
    </edge>
    <edge source="n6" target="n106">
    </edge>
    <edge source="n64" target="n106">
    </edge>
    <edge source="n15" target="n106">
    </edge>
    <edge source="n39" target="n106">
    </edge>
    <edge source="n88" target="n107">
    </edge>
    <edge source="n75" target="n107">
    </edge>
    <edge source="n98" target="n107">
    </edge>
    <edge source="n102" target="n107">
    </edge>
    <edge source="n72" target="n107">
    </edge>
    <edge source="n40" target="n107">
    </edge>
    <edge source="n81" target="n107">
    </edge>
    <edge source="n5" target="n107">
    </edge>
    <edge source="n10" target="n107">
    </edge>
    <edge source="n84" target="n107">
    </edge>
    <edge source="n4" target="n108">
    </edge>
    <edge source="n9" target="n108">
    </edge>
    <edge source="n7" target="n108">
    </edge>
    <edge source="n51" target="n108">
    </edge>
    <edge source="n77" target="n108">
    </edge>
    <edge source="n21" target="n108">
    </edge>
    <edge source="n78" target="n108">
    </edge>
    <edge source="n22" target="n108">
    </edge>
    <edge source="n68" target="n108">
    </edge>
    <edge source="n79" target="n109">
    </edge>
    <edge source="n30" target="n109">
    </edge>
    <edge source="n63" target="n109">
    </edge>
    <edge source="n1" target="n109">
    </edge>
    <edge source="n33" target="n109">
    </edge>
    <edge source="n103" target="n109">
    </edge>
    <edge source="n105" target="n109">
    </edge>
    <edge source="n45" target="n109">
    </edge>
    <edge source="n25" target="n109">
    </edge>
    <edge source="n89" target="n109">
    </edge>
    <edge source="n37" target="n109">
    </edge>
    <edge source="n67" target="n110">
    </edge>
    <edge source="n13" target="n110">
    </edge>
    <edge source="n24" target="n110">
    </edge>
    <edge source="n80" target="n110">
    </edge>
    <edge source="n88" target="n110">
    </edge>
    <edge source="n49" target="n110">
    </edge>
    <edge source="n73" target="n110">
    </edge>
    <edge source="n46" target="n110">
    </edge>
    <edge source="n83" target="n110">
    </edge>
    <edge source="n53" target="n110">
    </edge>
    <edge source="n23" target="n111">
    </edge>
    <edge source="n64" target="n111">
    </edge>
    <edge source="n46" target="n111">
    </edge>
    <edge source="n78" target="n111">
    </edge>
    <edge source="n8" target="n111">
    </edge>
    <edge source="n21" target="n111">
    </edge>
    <edge source="n51" target="n111">
    </edge>
    <edge source="n7" target="n111">
    </edge>
    <edge source="n108" target="n111">
    </edge>
    <edge source="n68" target="n111">
    </edge>
    <edge source="n77" target="n111">
    </edge>
    <edge source="n52" target="n112">
    </edge>
    <edge source="n96" target="n112">
    </edge>
    <edge source="n97" target="n112">
    </edge>
    <edge source="n57" target="n112">
    </edge>
    <edge source="n66" target="n112">
    </edge>
    <edge source="n63" target="n112">
    </edge>
    <edge source="n44" target="n112">
    </edge>
    <edge source="n92" target="n112">
    </edge>
    <edge source="n75" target="n112">
    </edge>
    <edge source="n91" target="n112">
    </edge>
    <edge source="n28" target="n113">
    </edge>
    <edge source="n20" target="n113">
    </edge>
    <edge source="n95" target="n113">
    </edge>
    <edge source="n59" target="n113">
    </edge>
    <edge source="n70" target="n113">
    </edge>
    <edge source="n17" target="n113">
    </edge>
    <edge source="n87" target="n113">
    </edge>
    <edge source="n76" target="n113">
    </edge>
    <edge source="n65" target="n113">
    </edge>
    <edge source="n96" target="n113">
    </edge>
    <edge source="n83" target="n114">
    </edge>
    <edge source="n88" target="n114">
    </edge>
    <edge source="n110" target="n114">
    </edge>
    <edge source="n53" target="n114">
    </edge>
    <edge source="n49" target="n114">
    </edge>
    <edge source="n73" target="n114">
    </edge>
    <edge source="n46" target="n114">
    </edge>
    <edge source="n67" target="n114">
    </edge>
    <edge source="n58" target="n114">
    </edge>
    <edge source="n15" target="n114">
    </edge>
    <edge source="n104" target="n114">
    </edge>
  </graph>
</graphml>
