<?xml version="1.0" encoding="UTF-8"?>
<graphml xmlns="http://graphml.graphdrawing.org/xmlns"
         xmlns:xsi="http://www.w3.org/2001/XMLSchema-instance"
         xsi:schemaLocation="http://graphml.graphdrawing.org/xmlns
         http://graphml.graphdrawing.org/xmlns/1.0/graphml.xsd">
<!-- Created by igraph -->
  <key id="v_id" for="node" attr.name="id" attr.type="double"/>
  <graph id="G" edgedefault="undirected">
    <node id="n0">
      <data key="v_id">1</data>
    </node>
    <node id="n1">
      <data key="v_id">2</data>
    </node>
    <node id="n2">
      <data key="v_id">3</data>
    </node>
    <node id="n3">
      <data key="v_id">4</data>
    </node>
    <node id="n4">
      <data key="v_id">5</data>
    </node>
    <node id="n5">
      <data key="v_id">6</data>
    </node>
    <node id="n6">
      <data key="v_id">7</data>
    </node>
    <node id="n7">
      <data key="v_id">8</data>
    </node>
    <node id="n8">
      <data key="v_id">9</data>
    </node>
    <node id="n9">
      <data key="v_id">10</data>
    </node>
    <node id="n10">
      <data key="v_id">11</data>
    </node>
    <node id="n11">
      <data key="v_id">12</data>
    </node>
    <node id="n12">
      <data key="v_id">13</data>
    </node>
    <node id="n13">
      <data key="v_id">14</data>
    </node>
    <node id="n14">
      <data key="v_id">15</data>
    </node>
    <node id="n15">
      <data key="v_id">16</data>
    </node>
    <node id="n16">
      <data key="v_id">17</data>
    </node>
    <node id="n17">
      <data key="v_id">18</data>
    </node>
    <node id="n18">
      <data key="v_id">19</data>
    </node>
    <node id="n19">
      <data key="v_id">20</data>
    </node>
    <node id="n20">
      <data key="v_id">21</data>
    </node>
    <node id="n21">
      <data key="v_id">22</data>
    </node>
    <node id="n22">
      <data key="v_id">23</data>
    </node>
    <node id="n23">
      <data key="v_id">24</data>
    </node>
    <node id="n24">
      <data key="v_id">25</data>
    </node>
    <node id="n25">
      <data key="v_id">26</data>
    </node>
    <node id="n26">
      <data key="v_id">27</data>
    </node>
    <node id="n27">
      <data key="v_id">28</data>
    </node>
    <node id="n28">
      <data key="v_id">29</data>
    </node>
    <node id="n29">
      <data key="v_id">30</data>
    </node>
    <node id="n30">
      <data key="v_id">31</data>
    </node>
    <node id="n31">
      <data key="v_id">32</data>
    </node>
    <node id="n32">
      <data key="v_id">33</data>
    </node>
    <node id="n33">
      <data key="v_id">34</data>
    </node>
    <edge source="n0" target="n1">
    </edge>
    <edge source="n0" target="n2">
    </edge>
    <edge source="n1" target="n2">
    </edge>
    <edge source="n0" target="n3">
    </edge>
    <edge source="n1" target="n3">
    </edge>
    <edge source="n2" target="n3">
    </edge>
    <edge source="n0" target="n4">
    </edge>
    <edge source="n0" target="n5">
    </edge>
    <edge source="n0" target="n6">
    </edge>
    <edge source="n4" target="n6">
    </edge>
    <edge source="n5" target="n6">
    </edge>
    <edge source="n0" target="n7">
    </edge>
    <edge source="n1" target="n7">
    </edge>
    <edge source="n2" target="n7">
    </edge>
    <edge source="n3" target="n7">
    </edge>
    <edge source="n0" target="n8">
    </edge>
    <edge source="n2" target="n8">
    </edge>
    <edge source="n2" target="n9">
    </edge>
    <edge source="n0" target="n10">
    </edge>
    <edge source="n4" target="n10">
    </edge>
    <edge source="n5" target="n10">
    </edge>
    <edge source="n0" target="n11">
    </edge>
    <edge source="n0" target="n12">
    </edge>
    <edge source="n3" target="n12">
    </edge>
    <edge source="n0" target="n13">
    </edge>
    <edge source="n1" target="n13">
    </edge>
    <edge source="n2" target="n13">
    </edge>
    <edge source="n3" target="n13">
    </edge>
    <edge source="n5" target="n16">
    </edge>
    <edge source="n6" target="n16">
    </edge>
    <edge source="n0" target="n17">
    </edge>
    <edge source="n1" target="n17">
    </edge>
    <edge source="n0" target="n19">
    </edge>
    <edge source="n1" target="n19">
    </edge>
    <edge source="n0" target="n21">
    </edge>
    <edge source="n1" target="n21">
    </edge>
    <edge source="n23" target="n25">
    </edge>
    <edge source="n24" target="n25">
    </edge>
    <edge source="n2" target="n27">
    </edge>
    <edge source="n23" target="n27">
    </edge>
    <edge source="n24" target="n27">
    </edge>
    <edge source="n2" target="n28">
    </edge>
    <edge source="n23" target="n29">
    </edge>
    <edge source="n26" target="n29">
    </edge>
    <edge source="n1" target="n30">
    </edge>
    <edge source="n8" target="n30">
    </edge>
    <edge source="n0" target="n31">
    </edge>
    <edge source="n24" target="n31">
    </edge>
    <edge source="n25" target="n31">
    </edge>
    <edge source="n28" target="n31">
    </edge>
    <edge source="n2" target="n32">
    </edge>
    <edge source="n8" target="n32">
    </edge>
    <edge source="n14" target="n32">
    </edge>
    <edge source="n15" target="n32">
    </edge>
    <edge source="n18" target="n32">
    </edge>
    <edge source="n20" target="n32">
    </edge>
    <edge source="n22" target="n32">
    </edge>
    <edge source="n23" target="n32">
    </edge>
    <edge source="n29" target="n32">
    </edge>
    <edge source="n30" target="n32">
    </edge>
    <edge source="n31" target="n32">
    </edge>
    <edge source="n8" target="n33">
    </edge>
    <edge source="n9" target="n33">
    </edge>
    <edge source="n13" target="n33">
    </edge>
    <edge source="n14" target="n33">
    </edge>
    <edge source="n15" target="n33">
    </edge>
    <edge source="n18" target="n33">
    </edge>
    <edge source="n19" target="n33">
    </edge>
    <edge source="n20" target="n33">
    </edge>
    <edge source="n22" target="n33">
    </edge>
    <edge source="n23" target="n33">
    </edge>
    <edge source="n26" target="n33">
    </edge>
    <edge source="n27" target="n33">
    </edge>
    <edge source="n28" target="n33">
    </edge>
    <edge source="n29" target="n33">
    </edge>
    <edge source="n30" target="n33">
    </edge>
    <edge source="n31" target="n33">
    </edge>
    <edge source="n32" target="n33">
    </edge>
  </graph>
</graphml>
